chat_id,chat_history,summary,cost,human_input
,"[{'content': 'explain the math problem solved in this conversation\n      --------------\n      [\'What is the reciprocal of the common fraction form of $.\\\\overline{2}$?\', ""## Step 1: Understand the problem\\nWe are given a repeating decimal $.\\\\overline{2}$ and asked to find the reciprocal of its common fraction form.\\n\\n## Step 2: Convert the repeating decimal to a fraction\\nLet\'s denote the repeating decimal as x. We can write it as:\\nx = 0.222222...\\n\\n## Step 3: Multiply the decimal by 10 to shift the repeating part\\n10x = 2.222222...\\n\\n## Step 4: Subtract the original decimal from the shifted decimal\\n10x - x = 2.222222... - 0.222222...\\nThis simplifies to:\\n9x = 2\\n\\n## Step 5: Solve for x\\nDivide both sides by 9:\\nx = 2/9\\n\\n## Step 6: Find the reciprocal of the fraction\\nThe reciprocal of 2/9 is 9/2.\\n\\n```python\\nfrom fractions import Fraction\\n\\n# Define the fraction\\nfraction = Fraction(2, 9)\\n\\n# Calculate the reciprocal\\nreciprocal = Fraction(1, fraction)\\n\\nprint(reciprocal)\\n```\\n\\nThe final answer is: $\\\\boxed{\\\\frac{9}{2}}$""]\n      --------------\n      ', 'role': 'assistant', 'name': 'validator'}, {'content': ""The math problem is to find the reciprocal of the common fraction form of the repeating decimal 0.222222....\n\nHere's the step-by-step solution:\n\n**Step 1: Understand the problem**\nThe problem asks us to find the reciprocal of the common fraction form of the repeating decimal 0.222222....\n\n**Step 2: Convert the repeating decimal to a fraction**\nLet's denote the repeating decimal as x. We can write it as x = 0.222222....\n\n**Step 3: Multiply the decimal by 10 to shift the repeating part**\nMultiplying x by 10 shifts the repeating part one digit to the left, resulting in 10x = 2.222222....\n\n**Step 4: Subtract the original decimal from the shifted decimal**\nSubtracting x from 10x eliminates the repeating part: 10x - x = 2.222222... - 0.222222....\nThis simplifies to 9x = 2.\n\n**Step 5: Solve for x**\nDividing both sides of the equation by 9 gives x = 2/9.\n\n**Step 6: Find the reciprocal of the fraction**\nThe reciprocal of a fraction is obtained by swapping the numerator and denominator. Therefore, the reciprocal of 2/9 is 9/2.\n\nThe final answer is 9/2."", 'role': 'user', 'name': 'monitor'}, {'content': ""Based on the provided explanation, I will evaluate the quality of the math question explanation.\n\n**Clarity in Formulation (CF): 5**\nThe problem is clearly presented, and the student can understand exactly what is being asked. The language is objective, and there are no ambiguities.\n\n**Relevant Context (RC): 4**\nThe problem provides a meaningful context by explaining the concept of a repeating decimal and its conversion to a fraction. However, it could be improved by providing more context about why finding the reciprocal is important or relevant.\n\n**Logical Sequence of Information (LSI): 5**\nThe information is organized logically and progressively, making it easy for the student to build the necessary reasoning to solve the question. Each step is clearly explained, and the student can follow the solution easily.\n\n**Appropriate for the Student's Knowledge Level (AL): 4**\nThe problem is suitable for beginners who have a basic understanding of fractions and decimals. However, some students might find the concept of repeating decimals challenging. A brief review of the concept would be helpful.\n\n**Objectivity in Expected Response (OR): 5**\nThe question has an objective and measurable answer, allowing for clear and precise evaluation. The student can easily understand what is expected of them.\n\nBased on the evaluation, I would give an overall score of 4.6. Since the score is greater than 4, I would classify this as a high-quality explanation.\n\n**Explanation Approved**\n\nThe explanation is clear, logical, and easy to follow. The problem provides a meaningful context, and the solution is well-organized. The language is objective, and the expected response is measurable. With some minor improvements in providing more context and reviewing the concept of repeating decimals, this explanation would be even more effective."", 'role': 'assistant', 'name': 'validator'}]","Based on the provided explanation, I will evaluate the quality of the math question explanation.

**Clarity in Formulation (CF): 5**
The problem is clearly presented, and the student can understand exactly what is being asked. The language is objective, and there are no ambiguities.

**Relevant Context (RC): 4**
The problem provides a meaningful context by explaining the concept of a repeating decimal and its conversion to a fraction. However, it could be improved by providing more context about why finding the reciprocal is important or relevant.

**Logical Sequence of Information (LSI): 5**
The information is organized logically and progressively, making it easy for the student to build the necessary reasoning to solve the question. Each step is clearly explained, and the student can follow the solution easily.

**Appropriate for the Student's Knowledge Level (AL): 4**
The problem is suitable for beginners who have a basic understanding of fractions and decimals. However, some students might find the concept of repeating decimals challenging. A brief review of the concept would be helpful.

**Objectivity in Expected Response (OR): 5**
The question has an objective and measurable answer, allowing for clear and precise evaluation. The student can easily understand what is expected of them.

Based on the evaluation, I would give an overall score of 4.6. Since the score is greater than 4, I would classify this as a high-quality explanation.

**Explanation Approved**

The explanation is clear, logical, and easy to follow. The problem provides a meaningful context, and the solution is well-organized. The language is objective, and the expected response is measurable. With some minor improvements in providing more context and reviewing the concept of repeating decimals, this explanation would be even more effective.","{'usage_including_cached_inference': {'total_cost': 0, 'Meta-Llama-3-405B-Instruct': {'cost': 0, 'prompt_tokens': 1398, 'completion_tokens': 638, 'total_tokens': 2036}}, 'usage_excluding_cached_inference': {'total_cost': 0, 'Meta-Llama-3-405B-Instruct': {'cost': 0, 'prompt_tokens': 1398, 'completion_tokens': 638, 'total_tokens': 2036}}}",[]
,"[{'content': ""explain the math problem solved in this conversation\n      --------------\n      ['One more than $11$ times a certain prime $p$ is another prime $q$. What is the value of $q$?', '## Step 1: Understand the problem\\nWe are given that one more than 11 times a certain prime number $p$ is another prime number $q$. In other words, the equation is $11p + 1 = q$, where both $p$ and $q$ are prime numbers.\\n\\n## Step 2: Determine the possible values of $p$\\nSince $p$ is a prime number, we can start by trying the smallest prime numbers to see if $11p + 1$ results in another prime number.\\n\\n## Step 3: Try $p = 2$\\nIf $p = 2$, then $11p + 1 = 11(2) + 1 = 23$. We can check if 23 is a prime number.\\n\\n```python\\nimport sympy\\n\\ndef is_prime(n):\\n    return sympy.isprime(n)\\n\\np = 2\\nq = 11*p + 1\\nprint(is_prime(q))\\n```\\n\\n## Step 4: Verify the result\\nIf the result is True, then $q$ is indeed a prime number, and we have found the solution.\\n\\n\\nThe final answer is: $\\\\boxed{23}$']\n      --------------\n      "", 'role': 'assistant', 'name': 'validator'}, {'content': ""Let's break down the math problem step by step.\n\n**Problem:** One more than 11 times a certain prime number p is another prime number q. We need to find the value of q.\n\n**Step 1: Understand the problem**\nThe problem states that 11 times a prime number p, plus 1, equals another prime number q. Mathematically, this can be represented as 11p + 1 = q.\n\n**Step 2: Determine the possible values of p**\nSince p is a prime number, we can start by trying the smallest prime numbers to see if 11p + 1 results in another prime number.\n\n**Step 3: Try p = 2**\nWe'll start by trying p = 2, the smallest prime number. If p = 2, then 11p + 1 = 11(2) + 1 = 23.\n\n**Step 4: Verify if 23 is a prime number**\nWe need to check if 23 is a prime number. A prime number is a number that is divisible only by itself and 1.\n\nTo verify, we can check the divisibility of 23 by all numbers from 2 to 22 (since 23 is not divisible by 1). If 23 is not divisible by any of these numbers, it is a prime number.\n\nUpon checking, we find that 23 is not divisible by any number between 2 and 22. Therefore, 23 is indeed a prime number.\n\n**Conclusion:** Since 11p + 1 = 23, and 23 is a prime number, we have found the solution. The value of q is 23.\n\nThe final answer is: 23."", 'role': 'user', 'name': 'monitor'}, {'content': ""Based on the provided explanation, I will evaluate the features of the math question explanation step-by-step.\n\n1. **Clarity in Formulation (CF):** The problem is presented clearly and objectively, without ambiguities. The student can understand exactly what is being asked. However, the explanation contains a code snippet in one of the steps, which is not necessary for the solution. Therefore, I will give it a score of 4.\n\n2. **Relevant Context (RC):** The problem places the student in a meaningful context that facilitates understanding of the problem and motivates the problem-solving process. The student is required to find a prime number q that satisfies the equation 11p + 1 = q, where p is also a prime number. I will give it a score of 5.\n\n3. **Logical Sequence of Information (LSI):** The information is organized logically and progressively, helping the student build the reasoning necessary to solve the question. The explanation breaks down the problem into smaller steps, making it easier for the student to understand. I will give it a score of 5.\n\n4. **Appropriate for the Student's Knowledge Level (AL):** The problem is suitable for beginners' understanding of the content being addressed. The explanation provides a clear definition of prime numbers and explains the problem-solving process in detail. I will give it a score of 5.\n\n5. **Objectivity in Expected Response (OR):** The question has an answer that is objective and measurable, allowing for clear and precise evaluation. The student can verify the solution by checking the divisibility of 23. I will give it a score of 5.\n\nBased on the evaluation, the average score is (4 + 5 + 5 + 5 + 5) / 5 = 4.8.\n\nSince the evaluation generates high scores (greater than 4), I conclude that the explanation is clear, concise, and easy to understand.\n\n**Explanation Approved**"", 'role': 'assistant', 'name': 'validator'}]","Based on the provided explanation, I will evaluate the features of the math question explanation step-by-step.

1. **Clarity in Formulation (CF):** The problem is presented clearly and objectively, without ambiguities. The student can understand exactly what is being asked. However, the explanation contains a code snippet in one of the steps, which is not necessary for the solution. Therefore, I will give it a score of 4.

2. **Relevant Context (RC):** The problem places the student in a meaningful context that facilitates understanding of the problem and motivates the problem-solving process. The student is required to find a prime number q that satisfies the equation 11p + 1 = q, where p is also a prime number. I will give it a score of 5.

3. **Logical Sequence of Information (LSI):** The information is organized logically and progressively, helping the student build the reasoning necessary to solve the question. The explanation breaks down the problem into smaller steps, making it easier for the student to understand. I will give it a score of 5.

4. **Appropriate for the Student's Knowledge Level (AL):** The problem is suitable for beginners' understanding of the content being addressed. The explanation provides a clear definition of prime numbers and explains the problem-solving process in detail. I will give it a score of 5.

5. **Objectivity in Expected Response (OR):** The question has an answer that is objective and measurable, allowing for clear and precise evaluation. The student can verify the solution by checking the divisibility of 23. I will give it a score of 5.

Based on the evaluation, the average score is (4 + 5 + 5 + 5 + 5) / 5 = 4.8.

Since the evaluation generates high scores (greater than 4), I conclude that the explanation is clear, concise, and easy to understand.

**Explanation Approved**","{'usage_including_cached_inference': {'total_cost': 0, 'Meta-Llama-3-405B-Instruct': {'cost': 0, 'prompt_tokens': 1478, 'completion_tokens': 750, 'total_tokens': 2228}}, 'usage_excluding_cached_inference': {'total_cost': 0, 'Meta-Llama-3-405B-Instruct': {'cost': 0, 'prompt_tokens': 1478, 'completion_tokens': 750, 'total_tokens': 2228}}}",[]
,"[{'content': ""explain the math problem solved in this conversation\n      --------------\n      ['Bryan has some 3 cent stamps and some 4 cent stamps. What is the least number of stamps he can combine so the value of the stamps is 33 cents?', '## Step 1: Understand the problem\\nBryan has two types of stamps: 3 cent stamps and 4 cent stamps. We need to find the least number of stamps he can combine to get a total value of 33 cents.\\n\\n## Step 2: Analyze possible combinations\\nWe can start by trying to find a combination of 3 cent and 4 cent stamps that adds up to 33 cents.\\n\\n## Step 3: Write Python code to find the combination\\nWe can use Python to find the combination. Here is a simple program that calculates the number of stamps needed:\\n\\n```python\\ndef find_stamps():\\n    total_cents = 33\\n    for num_4_cent_stamps in range(total_cents // 4 + 1):\\n        remaining_cents = total_cents - num_4_cent_stamps * 4\\n        if remaining_cents % 3 == 0:\\n            num_3_cent_stamps = remaining_cents // 3\\n            return num_3_cent_stamps + num_4_cent_stamps\\n\\nprint(find_stamps())\\n```\\n\\n## Step 4: Run the code and get the result\\nRunning the code, we get the result: 9\\n\\n\\nThe final answer is: $\\\\boxed{9}$']\n      --------------\n      "", 'role': 'assistant', 'name': 'validator'}, {'content': ""Let's break down the math problem step by step.\n\n**Step 1: Understand the problem**\nBryan has two types of stamps: 3 cent stamps and 4 cent stamps. We need to find the least number of stamps he can combine to get a total value of 33 cents.\n\n**Step 2: Analyze possible combinations**\nWe can start by trying to find a combination of 3 cent and 4 cent stamps that adds up to 33 cents. To do this, we can try different numbers of 4 cent stamps and see if the remaining amount can be made up with 3 cent stamps.\n\n**Step 3: Find the combination**\nLet's try using 8 stamps of 4 cents each, which would be 8 x 4 = 32 cents. This leaves 1 cent remaining, which cannot be made up with 3 cent stamps.\n\nNext, let's try using 7 stamps of 4 cents each, which would be 7 x 4 = 28 cents. This leaves 5 cents remaining, which also cannot be made up with 3 cent stamps.\n\nNow, let's try using 6 stamps of 4 cents each, which would be 6 x 4 = 24 cents. This leaves 9 cents remaining, which can be made up with 3 stamps of 3 cents each.\n\nHowever, we can also try using 5 stamps of 4 cents each, which would be 5 x 4 = 20 cents. This leaves 13 cents remaining, which cannot be made up with 3 cent stamps.\n\nNext, let's try using 4 stamps of 4 cents each, which would be 4 x 4 = 16 cents. This leaves 17 cents remaining, which cannot be made up with 3 cent stamps.\n\nNow, let's try using 3 stamps of 4 cents each, which would be 3 x 4 = 12 cents. This leaves 21 cents remaining, which can be made up with 7 stamps of 3 cents each.\n\nHowever, this combination uses a total of 10 stamps (3 stamps of 4 cents each and 7 stamps of 3 cents each), which is not the least number of stamps.\n\nNext, let's try using 2 stamps of 4 cents each, which would be 2 x 4 = 8 cents. This leaves 25 cents remaining, which cannot be made up with 3 cent stamps.\n\nNow, let's try using 1 stamp of 4 cents, which would be 1 x 4 = 4 cents. This leaves 29 cents remaining, which cannot be made up with 3 cent stamps.\n\nFinally, let's try using 0 stamps of 4 cents each. In this case, we would need to use 11 stamps of 3 cents each to make up the total amount of 33 cents.\n\nHowever, we can also try using 8 stamps of 3 cents each and 3 stamps of 4 cents each (3 x 3 = 9 cents and 3 x 4 = 12 cents, then 9 + 12 = 21 cents, and 8 x 3 = 24 cents, then 24 + 9 = 33 cents). But 8 + 3 is 11 stamps.\n\nBut if we use 3 stamps of 4 cents each and 7 stamps of 3 cents each, we have 9 stamps.\n\nHowever, we can also try using 9 stamps of 3 cents each and 0 stamps of 4 cents each (9 x 3 = 27 cents and we are missing 6 cents), then if we use 1 stamp of 4 cents and 1 stamp of 3 cents, we have 2 more stamps and a total of 11 stamps.\n\nHowever, if we use 3 stamps of 4 cents each and 6 stamps of 3 cents each, we have 9 stamps.\n\n**Step 4: Find the least number of stamps**\nBased on the analysis above, the least number of stamps Bryan can combine to get a total value of 33 cents is 9 stamps (3 stamps of 4 cents each and 6 stamps of 3 cents each).\n\nThe final answer is: 9"", 'role': 'user', 'name': 'monitor'}, {'content': ""To evaluate the provided explanation, let's analyze each feature step-by-step:\n\n1. **Clarity in Formulation (CF):** The problem is presented clearly, and the student can understand what is being asked. However, the explanation includes multiple attempts and calculations, which might confuse the student. Score: 4\n\n2. **Relevant Context (RC):** The problem provides a meaningful context that facilitates understanding and motivates the problem-solving process. Score: 5\n\n3. **Logical Sequence of Information (LSI):** The explanation jumps between different attempts and calculations, which might make it difficult for the student to follow the logical sequence of information. Score: 3\n\n4. **Appropriate for the Student's Knowledge Level (AL):** The problem is suitable for beginners' understanding of the content being addressed. Score: 5\n\n5. **Objectivity in Expected Response (OR):** The problem has an objective and measurable answer, allowing for clear and precise evaluation. Score: 5\n\nBased on the analysis, the average score is: (4 + 5 + 3 + 5 + 5) / 5 = 4.4\n\nSince the average score is greater than 4, the explanation is approved.\n\nHowever, to further refine the score decision, let's consider the following:\n\nThe explanation includes multiple attempts and calculations, which might confuse the student. To improve the explanation, it would be better to provide a more direct and efficient solution.\n\nRefined score decision: 4.2\n\nThe explanation is still approved, but it could be improved by providing a more direct and efficient solution.\n\nExplanation approved."", 'role': 'assistant', 'name': 'validator'}]","To evaluate the provided explanation, let's analyze each feature step-by-step:

1. **Clarity in Formulation (CF):** The problem is presented clearly, and the student can understand what is being asked. However, the explanation includes multiple attempts and calculations, which might confuse the student. Score: 4

2. **Relevant Context (RC):** The problem provides a meaningful context that facilitates understanding and motivates the problem-solving process. Score: 5

3. **Logical Sequence of Information (LSI):** The explanation jumps between different attempts and calculations, which might make it difficult for the student to follow the logical sequence of information. Score: 3

4. **Appropriate for the Student's Knowledge Level (AL):** The problem is suitable for beginners' understanding of the content being addressed. Score: 5

5. **Objectivity in Expected Response (OR):** The problem has an objective and measurable answer, allowing for clear and precise evaluation. Score: 5

Based on the analysis, the average score is: (4 + 5 + 3 + 5 + 5) / 5 = 4.4

Since the average score is greater than 4, the explanation is approved.

However, to further refine the score decision, let's consider the following:

The explanation includes multiple attempts and calculations, which might confuse the student. To improve the explanation, it would be better to provide a more direct and efficient solution.

Refined score decision: 4.2

The explanation is still approved, but it could be improved by providing a more direct and efficient solution.

Explanation approved.","{'usage_including_cached_inference': {'total_cost': 0, 'Meta-Llama-3-405B-Instruct': {'cost': 0, 'prompt_tokens': 2050, 'completion_tokens': 1209, 'total_tokens': 3259}}, 'usage_excluding_cached_inference': {'total_cost': 0, 'Meta-Llama-3-405B-Instruct': {'cost': 0, 'prompt_tokens': 2050, 'completion_tokens': 1209, 'total_tokens': 3259}}}",[]
